id,name,phone
1,Alice Thompson,+7 747 123 4567
2,Benjamin Chen,+7 701 234 5678
3,Catherine Rodriguez,+7 777 345 6789
4,Daniel Kim,+7 705 456 7890
5,Elizabeth Moore,+7 702 567 8901
6,Franklin Wright,+7 747 678 9012
7,Grace Miller,+7 708 789 0123
8,Henry Wilson,+7 771 890 1234
9,Isabella Garcia,+7 775 901 2345
10,Jack Harrison,+7 707 012 3456
11,Katherine Hall,+7 747 111 2233
12,Liam Patel,+7 701 222 3344
13,Mia Nguyen,+7 777 333 4455
14,Noah Smith,+7 705 444 5566
15,Olivia Jones,+7 702 555 6677
16,Parker Davis,+7 708 666 7788
17,Quinn Taylor,+7 771 777 8899
18,Riley Brown,+7 775 888 9900
19,Sophia Martinez,+7 707 999 0011
20,Thomas Anderson,+7 747 101 2020
21,Ursula White,+7 701 303 4040
22,Victor Lee,+7 777 505 6060
23,Wendy Scott,+7 705 707 8080
24,Xavier Adams,+7 702 909 0101
25,Yara Lopez,+7 708 121 2323
26,Zane Baker,+7 771 343 4545
27,Amber Clark,+7 775 565 6767
28,Brian Lewis,+7 707 787 8989
29,Chloe Walker,+7 747 909 1212
30,Derek Young,+7 701 111 0000